{"cameraMode":{"drawMode":0,"name":"Shaded","section":"Shading Mode"},"sceneLighting":true,"audioPlay":false,"sceneViewState":{"showFog":true,"showMaterialUpdate":false,"showSkybox":true,"showFlares":true,"showImageEffects":true,"showParticleSystems":true},"in2DMode":false,"pivot":{"x":598.886962890625,"y":1658.8602294921875,"z":-288.04150390625},"rotation":{"x":-0.08067695051431656,"y":0.9193234443664551,"z":-0.2711467444896698,"w":-0.2735358476638794},"size":4600.73681640625,"orthographic":false}